{"lr": 0.01, "data_time": 0.0005808830261230469, "loss": 1.5489657402038575, "time": 0.10011861324310303, "epoch": 1, "iter": 100, "memory": 2943, "step": 100}
{"accuracy/top1": 59.29411697387695, "data_time": 0.11873844691685267, "time": 0.16300136702401297, "step": 1}
{"lr": 0.01, "data_time": 0.0007602453231811523, "loss": 1.1340719163417816, "time": 0.10004608631134033, "epoch": 2, "iter": 224, "memory": 2943, "step": 224}
{"accuracy/top1": 68.70587921142578, "data_time": 0.04611218770345052, "time": 0.0922776222229004, "step": 2}
{"lr": 0.01, "data_time": 0.0006246089935302735, "loss": 0.814297753572464, "time": 0.09991087913513183, "epoch": 3, "iter": 348, "memory": 2943, "step": 348}
{"accuracy/top1": 81.88235473632812, "data_time": 0.038953574498494466, "time": 0.08193848927815756, "step": 3}
{"lr": 0.01, "data_time": 0.0006289482116699219, "loss": 0.8572813868522644, "time": 0.0998380422592163, "epoch": 4, "iter": 472, "memory": 2943, "step": 472}
{"accuracy/top1": 77.64705657958984, "data_time": 0.03855085372924805, "time": 0.07961982091267904, "step": 4}
{"lr": 0.01, "data_time": 0.0007652521133422851, "loss": 0.6933692276477814, "time": 0.11002211570739746, "epoch": 5, "iter": 596, "memory": 2943, "step": 596}
{"accuracy/top1": 84.47058868408203, "data_time": 0.027984174092610677, "time": 0.07386295000712077, "step": 5}
